Date,S&P_500,2Y_Treasury,10Y_Treasury,30Y_Treasury
2001-01-31 00:00:00+00:00,1366.010009765625,4.840000152587891,5.178999900817871,5.535999774932861
2001-02-28 00:00:00+00:00,1239.93994140625,4.71999979019165,4.9079999923706055,5.336999893188477
2001-03-31 00:00:00+00:00,1160.3299560546875,4.179999828338623,4.914999961853027,5.453000068664551
2001-04-30 00:00:00+00:00,1249.4599609375,3.8299999237060547,5.3379998207092285,5.771999835968018
2001-05-31 00:00:00+00:00,1255.8199462890625,3.5399999618530273,5.413000106811523,5.7789998054504395
2001-06-30 00:00:00+00:00,1224.3800048828125,3.559999942779541,5.389999866485596,5.736000061035156
2001-07-31 00:00:00+00:00,1211.22998046875,3.440000057220459,5.0370001792907715,5.501999855041504
2001-08-31 00:00:00+00:00,1133.5799560546875,3.2799999713897705,4.815999984741211,5.368000030517578
2001-09-30 00:00:00+00:00,1040.93994140625,2.299999952316284,4.574999809265137,5.414999961853027
2001-10-31 00:00:00+00:00,1059.780029296875,2.009999990463257,4.263000011444092,4.873000144958496
2001-11-30 00:00:00+00:00,1139.449951171875,1.7300000190734863,4.74399995803833,5.264999866485596
2001-12-31 00:00:00+00:00,1148.0799560546875,1.6699999570846558,5.0320000648498535,5.478000164031982
2002-01-31 00:00:00+00:00,1130.199951171875,1.7200000286102295,5.025000095367432,5.426000118255615
2002-02-28 00:00:00+00:00,1106.72998046875,1.7200000286102295,4.859000205993652,5.408999919891357
2002-03-31 00:00:00+00:00,1147.3900146484375,1.7400000095367432,5.406000137329102,5.815000057220459
2002-04-30 00:00:00+00:00,1076.9200439453125,1.7300000190734863,5.091000080108643,5.593999862670898
2002-05-31 00:00:00+00:00,1067.1400146484375,1.7050000429153442,5.043000221252441,5.611999988555908
2002-06-30 00:00:00+00:00,989.8200073242188,1.659000039100647,4.823999881744385,5.517000198364258
2002-07-31 00:00:00+00:00,911.6199951171875,1.6649999618530273,4.465000152587891,5.304999828338623
2002-08-31 00:00:00+00:00,916.0700073242188,1.6449999809265137,4.13700008392334,4.936999797821045
2002-09-30 00:00:00+00:00,815.280029296875,1.5269999504089355,3.6070001125335693,4.6620001792907715
2002-10-31 00:00:00+00:00,885.760009765625,1.4170000553131104,3.9110000133514404,5.006999969482422
2002-11-30 00:00:00+00:00,936.3099975585938,1.2020000219345093,4.2129998207092285,5.047999858856201
2002-12-31 00:00:00+00:00,879.8200073242188,1.1820000410079956,3.818000078201294,4.7829999923706055
2003-01-31 00:00:00+00:00,855.7000122070312,1.1480000019073486,3.9749999046325684,4.8470001220703125
2003-02-28 00:00:00+00:00,841.1500244140625,1.1749999523162842,3.696000099182129,4.676000118255615
2003-03-31 00:00:00+00:00,848.1799926757812,1.090000033378601,3.822999954223633,4.836999893188477
2003-04-30 00:00:00+00:00,916.9199829101562,1.1009999513626099,3.8570001125335693,4.7779998779296875
2003-05-31 00:00:00+00:00,963.5900268554688,1.0850000381469727,3.3499999046325684,4.361999988555908
2003-06-30 00:00:00+00:00,974.5,0.8379999995231628,3.5280001163482666,4.565999984741211
2003-07-31 00:00:00+00:00,990.3099975585938,0.9269999861717224,4.473999977111816,5.409999847412109
2003-08-31 00:00:00+00:00,1008.010009765625,0.9599999785423279,4.453999996185303,5.223999977111816
2003-09-30 00:00:00+00:00,995.969970703125,0.9259999990463257,3.937000036239624,4.883999824523926
2003-10-31 00:00:00+00:00,1050.7099609375,0.9319999814033508,4.301000118255615,5.144999980926514
2003-11-30 00:00:00+00:00,1058.199951171875,0.9079999923706055,4.320000171661377,5.125999927520752
2003-12-31 00:00:00+00:00,1111.9200439453125,0.9070000052452087,4.256999969482422,5.067999839782715
2004-01-31 00:00:00+00:00,1131.1300048828125,0.8970000147819519,4.138000011444092,4.965000152587891
2004-02-29 00:00:00+00:00,1144.93994140625,0.9269999861717224,3.9839999675750732,4.85699987411499
2004-03-31 00:00:00+00:00,1126.2099609375,0.9229999780654907,3.8369998931884766,4.7769999504089355
2004-04-30 00:00:00+00:00,1107.300048828125,0.9520000219345093,4.500999927520752,5.2820000648498535
2004-05-31 00:00:00+00:00,1120.6800537109375,1.0520000457763672,4.65500020980835,5.3480000495910645
2004-06-30 00:00:00+00:00,1140.8399658203125,1.3029999732971191,4.617000102996826,5.313000202178955
2004-07-31 00:00:00+00:00,1101.719970703125,1.4119999408721924,4.474999904632568,5.204999923706055
2004-08-31 00:00:00+00:00,1104.239990234375,1.5679999589920044,4.131999969482422,4.938000202178955
2004-09-30 00:00:00+00:00,1114.5799560546875,1.6740000247955322,4.11899995803833,4.890999794006348
2004-10-31 00:00:00+00:00,1130.199951171875,1.8669999837875366,4.0289998054504395,4.794000148773193
2004-11-30 00:00:00+00:00,1173.8199462890625,2.181999921798706,4.357999801635742,5.01200008392334
2004-12-31 00:00:00+00:00,1211.9200439453125,2.181999921798706,4.216000080108643,4.822000026702881
2005-01-31 00:00:00+00:00,1181.27001953125,2.421999931335449,4.132999897003174,4.590000152587891
2005-02-28 00:00:00+00:00,1203.5999755859375,2.690000057220459,4.359000205993652,4.705999851226807
2005-03-31 00:00:00+00:00,1180.5899658203125,2.7219998836517334,4.495999813079834,4.765999794006348
2005-04-30 00:00:00+00:00,1156.8499755859375,2.8369998931884766,4.201000213623047,4.519000053405762
2005-05-31 00:00:00+00:00,1191.5,2.881999969482422,4.00600004196167,4.3470001220703125
2005-06-30 00:00:00+00:00,1191.3299560546875,3.059999942779541,3.944999933242798,4.218999862670898
2005-07-31 00:00:00+00:00,1234.1800537109375,3.3320000171661377,4.285999774932861,4.473999977111816
2005-08-31 00:00:00+00:00,1220.3299560546875,3.430000066757202,4.019999980926514,4.261000156402588
2005-09-30 00:00:00+00:00,1228.81005859375,3.4700000286102295,4.328000068664551,4.567999839782715
2005-10-31 00:00:00+00:00,1207.010009765625,3.805000066757202,4.559000015258789,4.755000114440918
2005-11-30 00:00:00+00:00,1249.47998046875,3.8570001125335693,4.5,4.703000068664551
2005-12-31 00:00:00+00:00,1248.2900390625,3.984999895095825,4.394999980926514,4.546999931335449
2006-01-31 00:00:00+00:00,1280.0799560546875,4.369999885559082,4.5269999504089355,4.684999942779541
2006-02-28 00:00:00+00:00,1280.6600341796875,4.506999969482422,4.546999931335449,4.502999782562256
2006-03-31 00:00:00+00:00,1294.8699951171875,4.514999866485596,4.853000164031982,4.89300012588501
2006-04-30 00:00:00+00:00,1310.6099853515625,4.650000095367432,5.068999767303467,5.169000148773193
2006-05-31 00:00:00+00:00,1270.0899658203125,4.715000152587891,5.11299991607666,5.206999778747559
2006-06-30 00:00:00+00:00,1270.199951171875,4.860000133514404,5.138000011444092,5.185999870300293
2006-07-31 00:00:00+00:00,1276.6600341796875,4.934999942779541,4.98799991607666,5.070000171661377
2006-08-31 00:00:00+00:00,1303.8199462890625,4.90500020980835,4.73199987411499,4.877999782562256
2006-09-30 00:00:00+00:00,1335.8499755859375,4.760000228881836,4.632999897003174,4.767000198364258
2006-10-31 00:00:00+00:00,1377.93994140625,4.940000057220459,4.605999946594238,4.718999862670898
2006-11-30 00:00:00+00:00,1400.6300048828125,4.889999866485596,4.458000183105469,4.560999870300293
2006-12-31 00:00:00+00:00,1418.300048828125,4.885000228881836,4.710000038146973,4.817999839782715
2007-01-31 00:00:00+00:00,1438.239990234375,4.974999904632568,4.826000213623047,4.926000118255615
2007-02-28 00:00:00+00:00,1406.8199462890625,4.994999885559082,4.550000190734863,4.669000148773193
2007-03-31 00:00:00+00:00,1420.8599853515625,4.894999980926514,4.6479997634887695,4.8480000495910645
2007-04-30 00:00:00+00:00,1482.3699951171875,4.724999904632568,4.630000114440918,4.816999912261963
2007-05-31 00:00:00+00:00,1530.6199951171875,4.590000152587891,4.889999866485596,5.011000156402588
2007-06-30 00:00:00+00:00,1503.3499755859375,4.670000076293945,5.0329999923706055,5.125999927520752
2007-07-31 00:00:00+00:00,1455.27001953125,4.809999942779541,4.770999908447266,4.921999931335449
2007-08-31 00:00:00+00:00,1473.989990234375,3.990000009536743,4.5370001792907715,4.830999851226807
2007-09-30 00:00:00+00:00,1526.75,3.700000047683716,4.578999996185303,4.833000183105469
2007-10-31 00:00:00+00:00,1549.3800048828125,3.819999933242798,4.474999904632568,4.750999927520752
2007-11-30 00:00:00+00:00,1481.1400146484375,3.069999933242798,3.9719998836517334,4.4029998779296875
2007-12-31 00:00:00+00:00,1468.3599853515625,3.140000104904175,4.034999847412109,4.459000110626221
2008-01-31 00:00:00+00:00,1378.550048828125,1.8700000047683716,3.6389999389648438,4.354000091552734
2008-02-29 00:00:00+00:00,1330.6300048828125,1.784999966621399,3.5339999198913574,4.421000003814697
2008-03-31 00:00:00+00:00,1322.699951171875,1.274999976158142,3.431999921798706,4.306000232696533
2008-04-30 00:00:00+00:00,1385.5899658203125,1.340000033378601,3.759000062942505,4.497000217437744
2008-05-31 00:00:00+00:00,1400.3800048828125,1.850000023841858,4.046000003814697,4.706999778747559
2008-06-30 00:00:00+00:00,1280.0,1.7050000429153442,3.9790000915527344,4.531000137329102
2008-07-31 00:00:00+00:00,1267.3800048828125,1.6349999904632568,3.9790000915527344,4.603000164031982
2008-08-31 00:00:00+00:00,1282.8299560546875,1.690000057220459,3.812999963760376,4.4120001792907715
2008-09-30 00:00:00+00:00,1166.3599853515625,0.8999999761581421,3.8269999027252197,4.304999828338623
2008-10-31 00:00:00+00:00,968.75,0.4350000023841858,3.9700000286102295,4.36899995803833
2008-11-30 00:00:00+00:00,896.239990234375,0.019999999552965164,2.9570000171661377,3.486999988555908
2008-12-31 00:00:00+00:00,903.25,0.11500000208616257,2.24399995803833,2.690999984741211
2009-01-31 00:00:00+00:00,825.8800048828125,0.2199999988079071,2.8440001010894775,3.6029999256134033
2009-02-28 00:00:00+00:00,735.0900268554688,0.25,3.0409998893737793,3.7219998836517334
2009-03-31 00:00:00+00:00,797.8699951171875,0.20000000298023224,2.684999942779541,3.561000108718872
2009-04-30 00:00:00+00:00,872.8099975585938,0.125,3.124000072479248,4.044000148773193
2009-05-31 00:00:00+00:00,919.1400146484375,0.12999999523162842,3.4649999141693115,4.3379998207092285
2009-06-30 00:00:00+00:00,919.3200073242188,0.18000000715255737,3.5230000019073486,4.310999870300293
2009-07-31 00:00:00+00:00,987.47998046875,0.17499999701976776,3.500999927520752,4.310999870300293
2009-08-31 00:00:00+00:00,1020.6199951171875,0.12999999523162842,3.4010000228881836,4.181000232696533
2009-09-30 00:00:00+00:00,1057.0799560546875,0.11500000208616257,3.306999921798706,4.047999858856201
2009-10-31 00:00:00+00:00,1036.18994140625,0.04500000178813934,3.3919999599456787,4.236000061035156
2009-11-30 00:00:00+00:00,1095.6300048828125,0.05000000074505806,3.2009999752044678,4.193999767303467
2009-12-31 00:00:00+00:00,1115.0999755859375,0.05000000074505806,3.8429999351501465,4.640999794006348
2010-01-31 00:00:00+00:00,1073.8699951171875,0.07000000029802322,3.6089999675750732,4.510000228881836
2010-02-28 00:00:00+00:00,1104.489990234375,0.11500000208616257,3.5950000286102295,4.5289998054504395
2010-03-31 00:00:00+00:00,1169.4300537109375,0.15000000596046448,3.8329999446868896,4.715000152587891
2010-04-30 00:00:00+00:00,1186.68994140625,0.1550000011920929,3.6630001068115234,4.5269999504089355
2010-05-31 00:00:00+00:00,1089.4100341796875,0.15000000596046448,3.3010001182556152,4.214000225067139
2010-06-30 00:00:00+00:00,1030.7099609375,0.17000000178813934,2.9509999752044678,3.9089999198913574
2010-07-31 00:00:00+00:00,1101.5999755859375,0.14000000059604645,2.9070000648498535,3.9769999980926514
2010-08-31 00:00:00+00:00,1049.3299560546875,0.13500000536441803,2.4769999980926514,3.5329999923706055
2010-09-30 00:00:00+00:00,1141.199951171875,0.1550000011920929,2.5169999599456787,3.687000036239624
2010-10-31 00:00:00+00:00,1183.260009765625,0.10999999940395355,2.611999988555908,4.0
2010-11-30 00:00:00+00:00,1180.550048828125,0.1599999964237213,2.796999931335449,4.1020002365112305
2010-12-31 00:00:00+00:00,1257.6400146484375,0.11500000208616257,3.305000066757202,4.361999988555908
2011-01-31 00:00:00+00:00,1286.1199951171875,0.14499999582767487,3.378000020980835,4.571000099182129
2011-02-28 00:00:00+00:00,1327.219970703125,0.13500000536441803,3.4140000343322754,4.489999771118164
2011-03-31 00:00:00+00:00,1325.8299560546875,0.09000000357627869,3.4539999961853027,4.507999897003174
2011-04-30 00:00:00+00:00,1363.6099853515625,0.03999999910593033,3.2960000038146973,4.406000137329102
2011-05-31 00:00:00+00:00,1345.199951171875,0.03999999910593033,3.049999952316284,4.216000080108643
2011-06-30 00:00:00+00:00,1320.6400146484375,0.014999999664723873,3.1579999923706055,4.381999969482422
2011-07-31 00:00:00+00:00,1292.280029296875,0.09000000357627869,2.805000066757202,4.131999969482422
2011-08-31 00:00:00+00:00,1218.8900146484375,0.014999999664723873,2.2179999351501465,3.5920000076293945
2011-09-30 00:00:00+00:00,1131.4200439453125,0.009999999776482582,1.9240000247955322,2.9210000038146973
2011-10-31 00:00:00+00:00,1253.300048828125,0.004999999888241291,2.174999952316284,3.1989998817443848
2011-11-30 00:00:00+00:00,1246.9599609375,0.014999999664723873,2.068000078201294,3.062000036239624
2011-12-31 00:00:00+00:00,1257.5999755859375,0.004999999888241291,1.871000051498413,2.8889999389648438
2012-01-31 00:00:00+00:00,1312.4100341796875,0.054999999701976776,1.7990000247955322,2.934000015258789
2012-02-29 00:00:00+00:00,1365.6800537109375,0.07500000298023224,1.9769999980926514,3.0859999656677246
2012-03-31 00:00:00+00:00,1408.469970703125,0.06499999761581421,2.2160000801086426,3.3450000286102295
2012-04-30 00:00:00+00:00,1397.9100341796875,0.09000000357627869,1.9149999618530273,3.1089999675750732
2012-05-31 00:00:00+00:00,1310.3299560546875,0.05999999865889549,1.5809999704360962,2.671999931335449
2012-06-30 00:00:00+00:00,1362.1600341796875,0.07999999821186066,1.659000039100647,2.763000011444092
2012-07-31 00:00:00+00:00,1379.3199462890625,0.10000000149011612,1.4919999837875366,2.5769999027252197
2012-08-31 00:00:00+00:00,1406.5799560546875,0.08500000089406967,1.562000036239624,2.684000015258789
2012-09-30 00:00:00+00:00,1440.6700439453125,0.09000000357627869,1.6369999647140503,2.8340001106262207
2012-10-31 00:00:00+00:00,1412.1600341796875,0.10499999672174454,1.6859999895095825,2.8510000705718994
2012-11-30 00:00:00+00:00,1416.1800537109375,0.07500000298023224,1.6059999465942383,2.7939999103546143
2012-12-31 00:00:00+00:00,1426.18994140625,0.03500000014901161,1.75600004196167,2.9519999027252197
2013-01-31 00:00:00+00:00,1498.1099853515625,0.06499999761581421,1.9850000143051147,3.1700000762939453
2013-02-28 00:00:00+00:00,1514.6800537109375,0.10000000149011612,1.8880000114440918,3.0940001010894775
2013-03-31 00:00:00+00:00,1569.18994140625,0.06499999761581421,1.8519999980926514,3.1040000915527344
2013-04-30 00:00:00+00:00,1597.5699462890625,0.04500000178813934,1.6749999523162842,2.884000062942505
2013-05-31 00:00:00+00:00,1630.739990234375,0.029999999329447746,2.1640000343322754,3.308000087738037
2013-06-30 00:00:00+00:00,1606.280029296875,0.029999999329447746,2.4779999256134033,3.497999906539917
2013-07-31 00:00:00+00:00,1685.72998046875,0.029999999329447746,2.5929999351501465,3.6459999084472656
2013-08-31 00:00:00+00:00,1632.969970703125,0.019999999552965164,2.749000072479248,3.6760001182556152
2013-09-30 00:00:00+00:00,1681.550048828125,0.004999999888241291,2.615000009536743,3.686000108718872
2013-10-31 00:00:00+00:00,1756.5400390625,0.032999999821186066,2.5420000553131104,3.63100004196167
2013-11-30 00:00:00+00:00,1805.81005859375,0.054999999701976776,2.740999937057495,3.808000087738037
2013-12-31 00:00:00+00:00,1848.3599853515625,0.06300000101327896,3.0260000228881836,3.9639999866485596
2014-01-31 00:00:00+00:00,1782.5899658203125,0.009999999776482582,2.6679999828338623,3.621999979019165
2014-02-28 00:00:00+00:00,1859.449951171875,0.0430000014603138,2.6579999923706055,3.5920000076293945
2014-03-31 00:00:00+00:00,1872.3399658203125,0.02800000086426735,2.7230000495910645,3.561000108718872
2014-04-30 00:00:00+00:00,1883.949951171875,0.019999999552965164,2.6480000019073486,3.4579999446868896
2014-05-31 00:00:00+00:00,1923.5699462890625,0.029999999329447746,2.4570000171661377,3.313999891281128
2014-06-30 00:00:00+00:00,1960.22998046875,0.019999999552965164,2.5160000324249268,3.3380000591278076
2014-07-31 00:00:00+00:00,1930.6700439453125,0.017999999225139618,2.555999994277954,3.311000108718872
2014-08-31 00:00:00+00:00,2003.3699951171875,0.017999999225139618,2.3429999351501465,3.0799999237060547
2014-09-30 00:00:00+00:00,1972.2900390625,0.013000000268220901,2.507999897003174,3.2119998931884766
2014-10-31 00:00:00+00:00,2018.050048828125,0.003000000026077032,2.3350000381469727,3.059999942779541
2014-11-30 00:00:00+00:00,2067.56005859375,0.004999999888241291,2.194000005722046,2.9100000858306885
2014-12-31 00:00:00+00:00,2058.89990234375,0.03700000047683716,2.1700000762939453,2.749000072479248
2015-01-31 00:00:00+00:00,1994.989990234375,0.004999999888241291,1.6749999523162842,2.250999927520752
2015-02-28 00:00:00+00:00,2104.5,0.00800000037997961,2.002000093460083,2.5999999046325684
2015-03-31 00:00:00+00:00,2067.889892578125,0.02500000037252903,1.934000015258789,2.5439999103546143
2015-04-30 00:00:00+00:00,2085.510009765625,0.004999999888241291,2.0460000038146973,2.753000020980835
2015-05-31 00:00:00+00:00,2107.389892578125,0.003000000026077032,2.0950000286102295,2.8469998836517334
2015-06-30 00:00:00+00:00,2063.110107421875,0.009999999776482582,2.3350000381469727,3.1040000915527344
2015-07-31 00:00:00+00:00,2103.840087890625,0.057999998331069946,2.2049999237060547,2.927000045776367
2015-08-31 00:00:00+00:00,1972.1800537109375,0.003000000026077032,2.200000047683716,2.930999994277954
2015-09-30 00:00:00+00:00,1920.030029296875,0.004999999888241291,2.059999942779541,2.880000114440918
2015-10-31 00:00:00+00:00,2079.360107421875,0.06800000369548798,2.1510000228881836,2.933000087738037
2015-11-30 00:00:00+00:00,2080.409912109375,0.17000000178813934,2.2179999351501465,2.990000009536743
2015-12-31 00:00:00+00:00,2043.93994140625,0.14800000190734863,2.2690000534057617,3.015000104904175
2016-01-31 00:00:00+00:00,1940.239990234375,0.30000001192092896,1.930999994277954,2.757999897003174
2016-02-29 00:00:00+00:00,1932.22998046875,0.30799999833106995,1.7400000095367432,2.615000009536743
2016-03-31 00:00:00+00:00,2059.739990234375,0.19300000369548798,1.7860000133514404,2.619999885559082
2016-04-30 00:00:00+00:00,2065.300048828125,0.19300000369548798,1.819000005722046,2.6659998893737793
2016-05-31 00:00:00+00:00,2096.949951171875,0.28299999237060547,1.8339999914169312,2.628999948501587
2016-06-30 00:00:00+00:00,2098.860107421875,0.24799999594688416,1.4880000352859497,2.306999921798706
2016-07-31 00:00:00+00:00,2173.60009765625,0.23999999463558197,1.4579999446868896,2.181999921798706
2016-08-31 00:00:00+00:00,2170.949951171875,0.3199999928474426,1.5679999589920044,2.2309999465942383
2016-09-30 00:00:00+00:00,2168.27001953125,0.25999999046325684,1.6080000400543213,2.3359999656677246
2016-10-31 00:00:00+00:00,2126.14990234375,0.29499998688697815,1.8339999914169312,2.5889999866485596
2016-11-30 00:00:00+00:00,2198.81005859375,0.46799999475479126,2.368000030517578,3.0169999599456787
2016-12-31 00:00:00+00:00,2238.830078125,0.47999998927116394,2.446000099182129,3.062999963760376
2017-01-31 00:00:00+00:00,2278.8701171875,0.5,2.4509999752044678,3.0510001182556152
2017-02-28 00:00:00+00:00,2363.639892578125,0.5230000019073486,2.3580000400543213,2.9679999351501465
2017-03-31 00:00:00+00:00,2362.719970703125,0.7379999756813049,2.3959999084472656,3.0179998874664307
2017-04-30 00:00:00+00:00,2384.199951171875,0.7799999713897705,2.2820000648498535,2.9519999027252197
2017-05-31 00:00:00+00:00,2411.800048828125,0.949999988079071,2.196000099182129,2.8570001125335693
2017-06-30 00:00:00+00:00,2423.409912109375,0.9929999709129333,2.302000045776367,2.8399999141693115
2017-07-31 00:00:00+00:00,2470.300048828125,1.0529999732971191,2.2920000553131104,2.8980000019073486
2017-08-31 00:00:00+00:00,2471.64990234375,0.9779999852180481,2.121000051498413,2.7249999046325684
2017-09-30 00:00:00+00:00,2519.360107421875,1.027999997138977,2.3259999752044678,2.8570001125335693
2017-10-31 00:00:00+00:00,2575.260009765625,1.1230000257492065,2.375999927520752,2.875
2017-11-30 00:00:00+00:00,2647.580078125,1.2380000352859497,2.4170000553131104,2.8320000171661377
2017-12-31 00:00:00+00:00,2673.610107421875,1.3550000190734863,2.4049999713897705,2.739000082015991
2018-01-31 00:00:00+00:00,2823.81005859375,1.4299999475479126,2.7200000286102295,2.941999912261963
2018-02-28 00:00:00+00:00,2713.830078125,1.6180000305175781,2.868000030517578,3.127000093460083
2018-03-31 00:00:00+00:00,2640.8701171875,1.6699999570846558,2.740999937057495,2.9719998836517334
2018-04-30 00:00:00+00:00,2648.050048828125,1.7630000114440918,2.936000108718872,3.0969998836517334
2018-05-31 00:00:00+00:00,2705.27001953125,1.8700000047683716,2.822000026702881,2.9860000610351562
2018-06-30 00:00:00+00:00,2718.3701171875,1.8799999952316284,2.8489999771118164,2.9830000400543213
2018-07-31 00:00:00+00:00,2816.2900390625,1.9850000143051147,2.9639999866485596,3.0829999446868896
2018-08-31 00:00:00+00:00,2901.52001953125,2.055000066757202,2.8529999256134033,3.009999990463257
2018-09-30 00:00:00+00:00,2913.97998046875,2.1500000953674316,3.055999994277954,3.197000026702881
2018-10-31 00:00:00+00:00,2711.739990234375,2.2780001163482666,3.1589999198913574,3.4019999504089355
2018-11-30 00:00:00+00:00,2760.169921875,2.308000087738037,3.013000011444092,3.311000108718872
2018-12-31 00:00:00+00:00,2506.85009765625,2.299999952316284,2.686000108718872,3.0199999809265137
2019-01-31 00:00:00+00:00,2704.10009765625,2.3399999141693115,2.634999990463257,3.005000114440918
2019-02-28 00:00:00+00:00,2784.489990234375,2.382999897003174,2.7109999656677246,3.0829999446868896
2019-03-31 00:00:00+00:00,2834.39990234375,2.328000068664551,2.4140000343322754,2.822000026702881
2019-04-30 00:00:00+00:00,2945.830078125,2.368000030517578,2.509000062942505,2.940000057220459
2019-05-31 00:00:00+00:00,2752.06005859375,2.2929999828338623,2.1419999599456787,2.5829999446868896
2019-06-30 00:00:00+00:00,2941.760009765625,2.0350000858306885,2.0,2.5280001163482666
2019-07-31 00:00:00+00:00,2980.3798828125,2.0299999713897705,2.0209999084472656,2.5269999504089355
2019-08-31 00:00:00+00:00,2926.4599609375,1.9329999685287476,1.50600004196167,1.9700000286102295
2019-09-30 00:00:00+00:00,2976.739990234375,1.7699999809265137,1.6749999523162842,2.121000051498413
2019-10-31 00:00:00+00:00,3037.56005859375,1.4980000257492065,1.690999984741211,2.1760001182556152
2019-11-30 00:00:00+00:00,3140.97998046875,1.5399999618530273,1.7760000228881836,2.2019999027252197
2019-12-31 00:00:00+00:00,3230.780029296875,1.5049999952316284,1.9190000295639038,2.3889999389648438
2020-01-31 00:00:00+00:00,3225.52001953125,1.5099999904632568,1.5199999809265137,2.015000104904175
2020-02-29 00:00:00+00:00,2954.219970703125,1.2300000190734863,1.1269999742507935,1.6710000038146973
2020-03-31 00:00:00+00:00,2584.590087890625,0.029999999329447746,0.6980000138282776,1.3509999513626099
2020-04-30 00:00:00+00:00,2912.429931640625,0.09000000357627869,0.621999979019165,1.2660000324249268
2020-05-31 00:00:00+00:00,3044.31005859375,0.12800000607967377,0.6480000019073486,1.406999945640564
2020-06-30 00:00:00+00:00,3100.2900390625,0.13500000536441803,0.652999997138977,1.409000039100647
2020-07-31 00:00:00+00:00,3271.1201171875,0.08299999684095383,0.5360000133514404,1.1979999542236328
2020-08-31 00:00:00+00:00,3500.31005859375,0.0949999988079071,0.6930000185966492,1.4520000219345093
2020-09-30 00:00:00+00:00,3363.0,0.08500000089406967,0.6769999861717224,1.4509999752044678
2020-10-31 00:00:00+00:00,3269.9599609375,0.08299999684095383,0.8600000143051147,1.6399999856948853
2020-11-30 00:00:00+00:00,3621.6298828125,0.07500000298023224,0.843999981880188,1.5729999542236328
2020-12-31 00:00:00+00:00,3756.070068359375,0.06499999761581421,0.9169999957084656,1.6460000276565552
2021-01-31 00:00:00+00:00,3714.239990234375,0.04800000041723251,1.093000054359436,1.8580000400543213
2021-02-28 00:00:00+00:00,3811.14990234375,0.03500000014901161,1.4600000381469727,2.181999921798706
2021-03-31 00:00:00+00:00,3972.889892578125,0.013000000268220901,1.746000051498413,2.424999952316284
2021-04-30 00:00:00+00:00,4181.169921875,0.003000000026077032,1.63100004196167,2.3010001182556152
2021-05-31 00:00:00+00:00,4204.10986328125,0.00800000037997961,1.5809999704360962,2.263000011444092
2021-06-30 00:00:00+00:00,4297.5,0.03999999910593033,1.4429999589920044,2.065000057220459
2021-07-31 00:00:00+00:00,4395.259765625,0.03999999910593033,1.2389999628067017,1.8969999551773071
2021-08-31 00:00:00+00:00,4522.68017578125,0.03999999910593033,1.3040000200271606,1.9270000457763672
2021-09-30 00:00:00+00:00,4307.5400390625,0.02800000086426735,1.5290000438690186,2.0920000076293945
2021-10-31 00:00:00+00:00,4605.3798828125,0.04800000041723251,1.5570000410079956,1.9420000314712524
2021-11-30 00:00:00+00:00,4567.0,0.04800000041723251,1.4429999589920044,1.7869999408721924
2021-12-31 00:00:00+00:00,4766.18017578125,0.032999999821186066,1.5119999647140503,1.9049999713897705
2022-01-31 00:00:00+00:00,4515.5498046875,0.17299999296665192,1.781999945640564,2.0980000495910645
2022-02-28 00:00:00+00:00,4373.93994140625,0.2879999876022339,1.8389999866485596,2.181999921798706
2022-03-31 00:00:00+00:00,4530.41015625,0.49300000071525574,2.3269999027252197,2.447999954223633
2022-04-30 00:00:00+00:00,4131.93017578125,0.8080000281333923,2.88700008392334,2.947000026702881
2022-05-31 00:00:00+00:00,4132.14990234375,1.0299999713897705,2.8440001010894775,3.056999921798706
2022-06-30 00:00:00+00:00,3785.3798828125,1.600000023841858,2.9719998836517334,3.11899995803833
2022-07-31 00:00:00+00:00,4130.2900390625,2.2980000972747803,2.6419999599456787,2.9739999771118164
2022-08-31 00:00:00+00:00,3955.0,2.859999895095825,3.132999897003174,3.255000114440918
2022-09-30 00:00:00+00:00,3585.6201171875,3.180000066757202,3.803999900817871,3.765000104904175
2022-10-31 00:00:00+00:00,3871.97998046875,3.9749999046325684,4.077000141143799,4.203999996185303
2022-11-30 00:00:00+00:00,4080.110107421875,4.252999782562256,3.703000068664551,3.822000026702881
2022-12-31 00:00:00+00:00,3839.5,4.260000228881836,3.878999948501587,3.9749999046325684
2023-01-31 00:00:00+00:00,4076.60009765625,4.570000171661377,3.5290000438690186,3.6610000133514404
2023-02-28 00:00:00+00:00,3970.14990234375,4.710000038146973,3.9159998893737793,3.930999994277954
2023-03-31 00:00:00+00:00,4109.31005859375,4.585000038146973,3.49399995803833,3.688999891281128
2023-04-30 00:00:00+00:00,4169.47998046875,4.922999858856201,3.4519999027252197,3.677999973297119
2023-05-31 00:00:00+00:00,4179.830078125,5.248000144958496,3.63700008392334,3.8559999465942383
2023-06-30 00:00:00+00:00,4450.3798828125,5.1529998779296875,3.819000005722046,3.8550000190734863
2023-07-31 00:00:00+00:00,4588.9599609375,5.248000144958496,3.9590001106262207,4.019000053405762
2023-08-31 00:00:00+00:00,4507.66015625,5.297999858856201,4.0929999351501465,4.203999996185303
2023-09-30 00:00:00+00:00,4288.0498046875,5.300000190734863,4.572999954223633,4.710999965667725
2023-10-31 00:00:00+00:00,4193.7998046875,5.320000171661377,4.875,5.021999835968018
2023-11-30 00:00:00+00:00,4567.7998046875,5.23799991607666,4.3520002365112305,4.513000011444092
2023-12-31 00:00:00+00:00,4769.830078125,5.179999828338623,3.865999937057495,4.019000053405762
2024-01-31 00:00:00+00:00,4845.64990234375,5.188000202178955,3.9670000076293945,4.215000152587891
2024-02-29 00:00:00+00:00,5096.27001953125,5.2230000495910645,4.251999855041504,4.375
2024-03-31 00:00:00+00:00,5254.35009765625,5.203000068664551,4.205999851226807,4.348999977111816
2024-04-30 00:00:00+00:00,5035.68994140625,5.244999885559082,4.685999870300293,4.789999961853027
2024-05-31 00:00:00+00:00,5277.509765625,5.244999885559082,4.513999938964844,4.6519999504089355
2024-06-30 00:00:00+00:00,5460.47998046875,5.2129998207092285,4.3429999351501465,4.501999855041504
2024-07-31 00:00:00+00:00,5522.2998046875,5.135000228881836,4.109000205993652,4.36899995803833
2024-08-31 00:00:00+00:00,5648.39990234375,4.9679999351501465,3.9110000133514404,4.196000099182129
2024-09-30 00:00:00+00:00,5762.47998046875,4.498000144958496,3.802000045776367,4.133999824523926
2024-10-31 00:00:00+00:00,5813.669921875,4.4629998207092285,4.265999794006348,4.480000019073486
